,precision,recall,f1-score,support
Apple_Black_Rot,0.9117647058823529,0.9841269841269841,0.9465648854961832,63.0
Apple_Cedar_Rust,1.0,1.0,1.0,28.0
Apple_Healthy,0.968944099378882,0.9454545454545454,0.9570552147239264,165.0
Apple_Scab,0.9032258064516129,0.8888888888888888,0.896,63.0
accuracy,0.9467084639498433,0.9467084639498433,0.9467084639498433,0.9467084639498433
macro avg,0.945983652928212,0.9546176046176046,0.9499050250550274,319.0
weighted avg,0.9473986792305811,0.9467084639498433,0.946694978732625,319.0
