,precision,recall,f1-score,support
Apple_Black_Rot,0.43478260869565216,0.9523809523809523,0.5970149253731343,63.0
Apple_Cedar_Rust,0.0,0.0,0.0,28.0
Apple_Healthy,0.8432835820895522,0.6848484848484848,0.7558528428093646,165.0
Apple_Scab,0.3404255319148936,0.25396825396825395,0.2909090909090909,63.0
accuracy,0.5924764890282131,0.5924764890282131,0.5924764890282131,0.5924764890282131
macro avg,0.40462293067502453,0.4727994227994228,0.41094421477289744,319.0
weighted avg,0.5892786956214436,0.5924764890282131,0.5663164015339354,319.0
