Final/Accuracy,Final/Accuracy_CI_Lower,Final/Accuracy_CI_Upper,Final/Precision_Macro,Final/Precision_Micro,Final/Recall_Macro,Final/Recall_Micro,Final/F1_Macro,Final/F1_Macro_CI_Lower,Final/F1_Macro_CI_Upper,Final/F1_Micro,Final/MCC,Final/MCC_CI_Lower,Final/MCC_CI_Upper,Final/Cohen_Kappa,Final/ROC_AUC_Macro,Final/ROC_AUC_Micro,Final/PR_AUC_Macro,Final/PR_AUC_Micro,Final/Avg_Inference_Time_ms,Final/ROC_AUC_Apple_Black_Rot,Final/PR_AUC_Apple_Black_Rot,Final/ROC_AUC_Apple_Cedar_Rust,Final/PR_AUC_Apple_Cedar_Rust,Final/ROC_AUC_Apple_Healthy,Final/PR_AUC_Apple_Healthy,Final/ROC_AUC_Apple_Scab,Final/PR_AUC_Apple_Scab
0.9373040752351097,0.9121473354231975,0.9623824451410659,0.9625936075736038,0.9373040752351097,0.923088023088023,0.9373040752351097,0.9399227140836498,0.914036699415723,0.9637821287215503,0.9373040752351097,0.9037954355659968,0.8632141864444133,0.9414873676587778,0.9005951824499081,0.9907790399648151,0.9913195297478077,0.9795756909788499,0.9765109517444879,2.626633283592039,0.9979538690476191,0.990647927579015,1.0,0.9999999999999999,0.9901219992129082,0.9902117959830432,0.970672123015873,0.9374430403533416
